Title,Company,Link
Senior Software Developer,Steadily,https://remoteok.io/remote-jobs/106620
Senior Full Stack Typescript Engineer,Deedmob,https://remoteok.io/remote-jobs/106601
Back End Developer,commercetools,https://remoteok.io/remote-jobs/106556
Tech Lead Photography SaaS Scale Up,GotPhoto,https://remoteok.io/remote-jobs/106554
Senior Frontend Engineer,HTTPie,https://remoteok.io/remote-jobs/106553
Senior Software Engineer,8returns,https://remoteok.io/remote-jobs/106535
Senior Fullstack Engineer,Athelas,https://remoteok.io/remote-jobs/106521
Wordpress Back End Developer,Alchemy + Aim,https://remoteok.io/remote-jobs/106518
Senior Front End Engineer,Radix DLT,https://remoteok.io/remote-jobs/104386
React Engineer,Prokeep,https://remoteok.io/remote-jobs/106533
Lead Engineer,Lighthouse,https://remoteok.io/remote-jobs/106490
Engineering Manager,FutureLearn,https://remoteok.io/remote-jobs/106430
Fullstack Engineer,Codelitt,https://remoteok.io/remote-jobs/106412
Senior React Native Developer,Toptal,https://remoteok.io/remote-jobs/106391
Senior React Developer,Toptal,https://remoteok.io/remote-jobs/106390
Lead Full Stack Developer,Sezzle Europe,https://remoteok.io/remote-jobs/106386
Senior Full Stack Engineer,SessionLab,https://remoteok.io/remote-jobs/106376
Senior Fullstack Engineer,HTTPie,https://remoteok.io/remote-jobs/106300
Senior Full Stack Engineer JavaScript,Clevertech,https://remoteok.io/remote-jobs/106288
Fullstack Developer,Toggl Hire,https://remoteok.io/remote-jobs/106280
Frontend Developer,Toggl Hire,https://remoteok.io/remote-jobs/106265
Software Engineer,Capchase,https://remoteok.io/remote-jobs/106179
Creative Front End Developer,Series Eight,https://remoteok.io/remote-jobs/106178
UX Engineer,Ethyca,https://remoteok.io/remote-jobs/106177
Product Engineer API & Integrations,Cohabs,https://remoteok.io/remote-jobs/106166
Product Engineer Web Apps,Cohabs,https://remoteok.io/remote-jobs/106165
Full Stack Developer,Toptal,https://remoteok.io/remote-jobs/106156
Front End Developer,Toptal,https://remoteok.io/remote-jobs/106153
Senior Full Stack Engineer,Hatchways,https://remoteok.io/remote-jobs/106146
Typescript React Expert,Prezly,https://remoteok.io/remote-jobs/106131
VP of Engineering,CareValidate,https://remoteok.io/remote-jobs/106117
React Frontend Developer,The Things Industries,https://remoteok.io/remote-jobs/106113
React Developer,Saga Ventures,https://remoteok.io/remote-jobs/106111
React Native Engineer,Fullstack,https://remoteok.io/remote-jobs/106072
Senior Frontend Engineer Perception,Labelbox,https://remoteok.io/remote-jobs/106068
Security Engineer,Modern Treasury,https://remoteok.io/remote-jobs/105816
Tech Lead Senior Startup Engineer Fellowship,Commit,https://remoteok.io/remote-jobs/105798
Senior Software Engineer Front End,Jupiter,https://remoteok.io/remote-jobs/105279
Frontend Engineer,SportyBet,https://remoteok.io/remote-jobs/105214
Senior Software Engineer Rails Elm React,TriumphPay,https://remoteok.io/remote-jobs/106512
React JavaScript Engineer,Capital Markets Gateway,https://remoteok.io/remote-jobs/106508
React Developer,Match.com,https://remoteok.io/remote-jobs/106303
React Staff Software Engineer,Root Insurance Company,https://remoteok.io/remote-jobs/106249
Senior Full Stack Developer Ruby React,GOhiring,https://remoteok.io/remote-jobs/106045
Senior Frontend Developer,Winden,https://remoteok.io/remote-jobs/106019
Experienced Front End Developer,Disxt,https://remoteok.io/remote-jobs/105995
Lead Engineer Full Stack,Keen,https://remoteok.io/remote-jobs/105964
Senior Elixir React Native Engineer,Sona,https://remoteok.io/remote-jobs/105957
Senior Full Stack Engineer,Rosemary Health,https://remoteok.io/remote-jobs/105932
Fullstack Tools Developer,Turbulent,https://remoteok.io/remote-jobs/105917
Tech Lead CTO,Saga Ventures,https://remoteok.io/remote-jobs/105912
Senior Fullstack Developer,IMG.LY,https://remoteok.io/remote-jobs/105882
Senior Clojure Frontend Developer,Whimsical,https://remoteok.io/remote-jobs/105877
Lead Mobile Engineer,Vinovest,https://remoteok.io/remote-jobs/105805
Senior React Native Developer,Toptal,https://remoteok.io/remote-jobs/105803
Senior React Developer,Toptal,https://remoteok.io/remote-jobs/105800
Full Stack React Developer,Dock,https://remoteok.io/remote-jobs/105799
Technical Lead,Pitch,https://remoteok.io/remote-jobs/105793
Fullstack Developer,Visitt,https://remoteok.io/remote-jobs/105790
Senior Frontend Developer,Laskie,https://remoteok.io/remote-jobs/105786
Fullstack JavaScript Developer,Laskie,https://remoteok.io/remote-jobs/105785
Senior Fullstack JavaScript Developer,Laskie,https://remoteok.io/remote-jobs/105784
Mid Senior Developer,Tiny,https://remoteok.io/remote-jobs/105779
UI Engineer Team Lead,Adore Beauty,https://remoteok.io/remote-jobs/105772
Software Engineer,Cash Flow Portal,https://remoteok.io/remote-jobs/105770
Full Stack Engineer,"Sematext Group, Inc.",https://remoteok.io/remote-jobs/105699
Full Stack Developer,Crowdlinker,https://remoteok.io/remote-jobs/105672
Full Stack Developer,PickFu,https://remoteok.io/remote-jobs/105644
Fullstack Developer,Clevertech,https://remoteok.io/remote-jobs/105630
Senior Full Stack Engineer JavaScript,Clevertech,https://remoteok.io/remote-jobs/105629
Senior Frontend Engineer React,Close,https://remoteok.io/remote-jobs/105620
Software Engineer,Hades,https://remoteok.io/remote-jobs/105618
Software Engineer,Interact,https://remoteok.io/remote-jobs/105582
Web Developer,EyeSeeTea,https://remoteok.io/remote-jobs/105530
Fullstack JavaScript Developer,Expertwired,https://remoteok.io/remote-jobs/105519
Software Engineer Frontend,Cleo AI,https://remoteok.io/remote-jobs/105516
Senior Independent Software Developer,AÂ·Team,https://remoteok.io/remote-jobs/105504
JavaScript Typescript Engineer with React Experience,Capbase,https://remoteok.io/remote-jobs/105479
Founding Full Stack Developer,Jiga (YC W21),https://remoteok.io/remote-jobs/105467
Senior Full Stack Developer,Kodify Media Group,https://remoteok.io/remote-jobs/105458
Senior Frontend Engineer,crate.io,https://remoteok.io/remote-jobs/105427
Senior Software Engineer Mobile,Vinovest,https://remoteok.io/remote-jobs/105401
React Native Developer,Toptal,https://remoteok.io/remote-jobs/105392
Senior React Developer,Toptal,https://remoteok.io/remote-jobs/105391
Senior Developer with Extensive Wordpress Experience,Learning Tapestry,https://remoteok.io/remote-jobs/105390
Senior React Native Developer,Phase2 Technology,https://remoteok.io/remote-jobs/105379
Engineering Manager,Metabase,https://remoteok.io/remote-jobs/105352
Frontend Engineer,Carted,https://remoteok.io/remote-jobs/105327
Full Stack Product Engineer,Theta,https://remoteok.io/remote-jobs/105321
Full Stack Developer,AKTEK,https://remoteok.io/remote-jobs/105308
Senior Software Engineer,Shorthand,https://remoteok.io/remote-jobs/105296
Senior Backend Engineer,SerpApi,https://remoteok.io/remote-jobs/105295
React Web Engineer,BaseConnect,https://remoteok.io/remote-jobs/105281
Senior Developer,Wisepops,https://remoteok.io/remote-jobs/105277
Senior Front End Developer,Cynomi,https://remoteok.io/remote-jobs/105266
Senior Software Engineer,Laskie,https://remoteok.io/remote-jobs/105252
Tech Lead,CitizenLab,https://remoteok.io/remote-jobs/105226
Senior Full Stack Engineer JavaScript,Clevertech,https://remoteok.io/remote-jobs/105192
Tech Lead,easyMoney,https://remoteok.io/remote-jobs/105187
Full Stack Engineer Civic Tech,CitizenLab,https://remoteok.io/remote-jobs/105184
Senior Front End Software Engineer,Seniorly Inc.,https://remoteok.io/remote-jobs/105176
Lead Front End Developer,America's Test Kitchen,https://remoteok.io/remote-jobs/105168
Software Engineer Front End Applications,FM,https://remoteok.io/remote-jobs/105161
React Frontend Engineer,Laskie,https://remoteok.io/remote-jobs/105053
Senior Front End Engineer,Circle,https://remoteok.io/remote-jobs/105043
Senior Software Engineer,Inside Real Estate,https://remoteok.io/remote-jobs/104894
Frontend Engineer,Slai,https://remoteok.io/remote-jobs/104867
Full Stack Developer,Karshare,https://remoteok.io/remote-jobs/104835
React Native Developer,Toptal,https://remoteok.io/remote-jobs/104799
Fullstack Developer,Clevertech,https://remoteok.io/remote-jobs/104791
Front End Lead Developer JavaScript,Affinda,https://remoteok.io/remote-jobs/104778
Senior Front End Developer,Happily,https://remoteok.io/remote-jobs/104742
React Node Typescript Product Engineer,Limbic,https://remoteok.io/remote-jobs/104739
Senior Software Developer,AUCTA.io,https://remoteok.io/remote-jobs/104732
Senior Ruby on Rails Engineer,AutoUncle,https://remoteok.io/remote-jobs/104728
Creative Front End Developer,Series Eight,https://remoteok.io/remote-jobs/104725
Full Stack Engineering Leader,Skylight Frame,https://remoteok.io/remote-jobs/104649
Senior React,Conversional GmbH,https://remoteok.io/remote-jobs/104629
Senior Lead Front End Engineer,Virtual Pricing Director,https://remoteok.io/remote-jobs/104610
Senior Fullstack Engineer,Remotesome,https://remoteok.io/remote-jobs/104605
React & React Native Engineer,Fonos,https://remoteok.io/remote-jobs/104600
Senior Frontend React Engineer,CartHook,https://remoteok.io/remote-jobs/104597
Software Engineer,Triplebyte,https://remoteok.io/remote-jobs/104596
Full Stack Engineer,OhmConnect,https://remoteok.io/remote-jobs/104574
Senior JavaScript Developer,smartclip Europe GmbH,https://remoteok.io/remote-jobs/104571
Senior Full Stack Engineer React and Node 100,Clevertech,https://remoteok.io/remote-jobs/104534
React.js Developer,Appsilon,https://remoteok.io/remote-jobs/104503
Full Stack Developer,SALT Group Ltd,https://remoteok.io/remote-jobs/104500
Senior Engineer,Rainforest QA,https://remoteok.io/remote-jobs/104495
Full Stack Developer,AMNESIA media,https://remoteok.io/remote-jobs/104488
iOS Android Native App Developer Generalist,KREKELTRONICS,https://remoteok.io/remote-jobs/104478
Front End Full Stack Engineer,LeadSimple,https://remoteok.io/remote-jobs/104477
Senior Full Stack Software Engineer,Torq Interface,https://remoteok.io/remote-jobs/104475
Front End Engineer,Omnes,https://remoteok.io/remote-jobs/104473
Software Engineer,Spot.xyz,https://remoteok.io/remote-jobs/104455
Python React Full Stack Engineer,Amperon,https://remoteok.io/remote-jobs/104442
React Native Developer,Mozn,https://remoteok.io/remote-jobs/104316
Lead Front End Engineer,Archipelago,https://remoteok.io/remote-jobs/104310
Staff Engineer,WorkRamp,https://remoteok.io/remote-jobs/104304
Senior Full Stack Developer,TalkJS,https://remoteok.io/remote-jobs/104261
Senior Fullstack Engineer,Revieve,https://remoteok.io/remote-jobs/104241
Full Stack Developer,SafetyWing,https://remoteok.io/remote-jobs/104239
React Native Developer,Toptal,https://remoteok.io/remote-jobs/104231
Senior React Developer,Toptal,https://remoteok.io/remote-jobs/104226
Frontend Developer,Performant Software,https://remoteok.io/remote-jobs/104223
Senior Software Engineer,Mote,https://remoteok.io/remote-jobs/104212
React Native Engineer,LingoLearn,https://remoteok.io/remote-jobs/104200
Creative Front End Developer,Series Eight,https://remoteok.io/remote-jobs/104194
Frontend Engineer React.js @berlin Based Fintech,Elinvar,https://remoteok.io/remote-jobs/104826
Senior React Developer,Jogg,https://remoteok.io/remote-jobs/104624
Senior React Developers [100% Remote],Clevertech,https://stackoverflow.com/jobs/554409
"100% Remote | Senior React, React Native, or Node Developer | Forever Remote",G2i Inc,https://stackoverflow.com/jobs/516148
React Software Engineer @ Nozomi Networks,Nozomi Networks,https://stackoverflow.com/jobs/526403
Full-Stack Software Engineer (React/Ruby on Rails),Articulate Inc.,https://stackoverflow.com/jobs/504254
Full Stack Developer (Django + React),Self Decode,https://stackoverflow.com/jobs/524866
React Native Developer (Remote),X-Team,https://stackoverflow.com/jobs/534458
Software Architect (Django/Flask + React),Self Decode,https://stackoverflow.com/jobs/307459
Senior Software Engineer - React Native,uShip,https://stackoverflow.com/jobs/550764
Senior Software Engineer - Rails/React,Doctolib,https://stackoverflow.com/jobs/552492
Javascript Developer - React or Angular or VueJS,Arcanys,https://stackoverflow.com/jobs/551985
Senior R&D React Developer (F/H/X),Klaxoon,https://stackoverflow.com/jobs/554215
Full-Stack Software Engineer (React/Node - Integrations/API),Articulate Inc.,https://stackoverflow.com/jobs/504249
"Senior Software Engineer - Full-stack (Python, React)",Invitae Corporation,https://stackoverflow.com/jobs/522534
Lead Software Engineer- Rails & React,SecZetta,https://stackoverflow.com/jobs/539269
Senior Front End Engineer (React),Modus Create,https://stackoverflow.com/jobs/530662
"SENIOR FULL-STACK DEV WITH RUBY / PYTHON / REACT NATIVE -- 100% REMOTE, FLEXIBLE",Analytics Fire,https://stackoverflow.com/jobs/517987
Full-Stack Python and React Developer,Scalable Path,https://stackoverflow.com/jobs/554262
React Developer (Remote),X-Team,https://stackoverflow.com/jobs/534457
Senior React Engineer / Mobile Software Developer (Remote),Branding Brand,https://stackoverflow.com/jobs/546545
React Engineer,Prokeep,https://stackoverflow.com/jobs/554266
Full Stack Java/React Developer,Portland Webworks,https://stackoverflow.com/jobs/524803
Senior React Developer,Supermetrics Oy,https://stackoverflow.com/jobs/551107
"Senior Full Stack Engineer (React, Node.js) - Remote",SemanticBits,https://stackoverflow.com/jobs/530696
Fullstack Engineer ðŸ§° Typescript | React | Node | GraphQL | 100% Remote,Nira,https://stackoverflow.com/jobs/554903
React/Node developers,Moneyhub Financial Technology Ltd,https://stackoverflow.com/jobs/538614
"SENIOR FULL-STACK DEV WITH RUBY / PYTHON / REACT NATIVE -- 100% REMOTE, FLEXIBLE",Analytics Fire,https://stackoverflow.com/jobs/517987
.Net + React - Fullstack Developer [100% Remote],Clevertech,https://stackoverflow.com/jobs/554413
Senior Front End Engineer (React),Modus Create,https://stackoverflow.com/jobs/530662
React Front End Developer,"Daupler, Inc.",https://stackoverflow.com/jobs/523351
*REMOTE* React.js (Node.js) TypeScript FE/FS Engineer (m/f/x)-Global Marketplace,"AVANTGARDE - ""Creating Fans""",https://stackoverflow.com/jobs/433429
Lead Full Stack Developer (f/m/x) React & Node.js,Cosuno,https://stackoverflow.com/jobs/522359
Senior Fullstack Engineer (Python/Django/React)- #12 of Top-100 Marketplaces,StyleSeat,https://stackoverflow.com/jobs/554278
Senior React Developers [100% Remote],Clevertech,https://stackoverflow.com/jobs/554409
Contract Remote Java / React Developer (US Based Citizen/Green Card),Intevity,https://stackoverflow.com/jobs/551329
React Engineer,Prokeep,https://stackoverflow.com/jobs/554266
Senior Software Engineer - Rails/React,Doctolib,https://stackoverflow.com/jobs/552492
Senior React Developer,Supermetrics Oy,https://stackoverflow.com/jobs/551107
Javascript Developer - React or Angular or VueJS,Arcanys,https://stackoverflow.com/jobs/551985
"Front End Engineer (ReactJS, Typescript)",Modus Create,https://stackoverflow.com/jobs/550393
Senior Fullstack (Node/React) Developer (European Timezones),NearForm,https://stackoverflow.com/jobs/521205
React Front End Developer  - We empower our Developers!  100% Remote - EUROPE,"Orion Advisor Solutions, Inc.",https://stackoverflow.com/jobs/524759
Typescript/React expert (+3 years),Prezly,https://stackoverflow.com/jobs/546669
Sr Software Engineer (React/Typescript) - Remote Opportunity,SMA Technologies,https://stackoverflow.com/jobs/541322
"Senior Full Stack Engineer (React, Node.js) - Remote",SemanticBits,https://stackoverflow.com/jobs/530696
Remote Senior Front-end React Software Engineer (EU/UK only),Vavato,https://stackoverflow.com/jobs/490774
React.js & C# .NET/Core - Software Engineers - Remote Full Time,SMA Technologies,https://stackoverflow.com/jobs/475357
React or Angular Front-end developer (Remote),Soshace LLC,https://stackoverflow.com/jobs/545624
Full Stack Developer (React/.NET),Cleverbit Software,https://stackoverflow.com/jobs/526389
Werkstudent (m/w/d) - Android / iOS / React Native App Entwicklung,Novatec Consulting GmbH,https://stackoverflow.com/jobs/552944
Senior ReactJS / NodeJS Developer REMOTE,Creatopy,https://stackoverflow.com/jobs/524723
Sr JavaScript Fullstack Developers (React/Node),Clevertech,https://stackoverflow.com/jobs/554402
Senior ReactJS/NodeJS Developer REMOTE,Creatopy,https://stackoverflow.com/jobs/469160
React.js & C# .NET/Core - Software Engineers - Remote Full Time,SMA Technologies,https://stackoverflow.com/jobs/475357
Full Stack Developer (React/.NET),Cleverbit Software,https://stackoverflow.com/jobs/526389
Senior ReactJS / NodeJS Developer REMOTE,Creatopy,https://stackoverflow.com/jobs/524723
Senior Fullstack (Node/React) Developer (US Timezones),NearForm,https://stackoverflow.com/jobs/522779
Forever Remote Position | 100% Remote React Engineer (Native or Web) | G2i,G2i Inc,https://stackoverflow.com/jobs/229077
Senior Full Stack Developer (f/m/x) React & Node.js,Cosuno,https://stackoverflow.com/jobs/354357
Remote Experienced Frontend Engineer - React,"Theorem, LLC",https://stackoverflow.com/jobs/545691
React Native Developer,Bilbayt,https://stackoverflow.com/jobs/536555
Front End React Native Engineer,Prokeep,https://stackoverflow.com/jobs/550754
Lead/Senior React Native Developer,Whitespectre,https://stackoverflow.com/jobs/554856
React/Electron Front-End Engineer,Exodus.io,https://stackoverflow.com/jobs/537888
React Developer - Are you available for the most recognized sports retailer ?,Pentalog,https://stackoverflow.com/jobs/554216
Senior Software Engineer (Ruby on Rails & React),Home Chef,https://stackoverflow.com/jobs/519747
React Native / Mobile Engineer (f/m/d),CoachHub GmbH,https://stackoverflow.com/jobs/504201
Full Stack Engineer (m/f/d)  - React/ Typescript/ Node.js/ AWS/ Serverless,epilot,https://stackoverflow.com/jobs/529500
Senior React Developer | Contractor | Remote,Copado Strategic Services,https://stackoverflow.com/jobs/545086
Software Engineer II (Ruby on Rails & React),Home Chef,https://stackoverflow.com/jobs/519780
Fullstack Web-Entwickler PHP/React (m/w/d) fÃ¼r E-Commerce Agentur aus Bremen,hmmh multimediahaus AG,https://stackoverflow.com/jobs/526714
FRONTEND React JS Lead/Senior Developers; 3 Day Weekend; Distributed Team,Laminar,https://stackoverflow.com/jobs/500256
Node.js Developer (Remote),Soshace LLC,https://stackoverflow.com/jobs/545625
PHP/Laravel Developer (Remote),Soshace LLC,https://stackoverflow.com/jobs/545674
Front End JavaScript Software Engineer,MarketAxess Holdings Inc.,https://stackoverflow.com/jobs/533176
Staff Software Engineer,"SocialChorus, Inc.",https://stackoverflow.com/jobs/551470
Backend Engineer ðŸ§° Node | GraphQL | Experience: 5+ years | 100% Remote,Nira,https://stackoverflow.com/jobs/554902
Software Engineering Manager (Remote),Branding Brand,https://stackoverflow.com/jobs/546565
DevOps Cloud Engineer (Kubernetes) - Remote,IG Group,https://stackoverflow.com/jobs/532885
Sr. Full Stack Engineer,"SocialChorus, Inc.",https://stackoverflow.com/jobs/523481
Senior Frontend Engineer,Hyperexponential,https://stackoverflow.com/jobs/554263
Android Engineer,"SocialChorus, Inc.",https://stackoverflow.com/jobs/526782
Senior Software Engineer - Platform,C2FO,https://stackoverflow.com/jobs/525290
Software Engineer - Platform,C2FO,https://stackoverflow.com/jobs/527575
"Senior Front-end Engineer, Automation",Gorgias,https://stackoverflow.com/jobs/552582
Senior Software Engineer - Cards,C2FO,https://stackoverflow.com/jobs/538364
Software Engineer,C2FO,https://stackoverflow.com/jobs/287493
Senior Software Engineer - Full Stack,C2FO,https://stackoverflow.com/jobs/287269
Support Engineer 1st and 2nd Level - remote. fulltime. m/f/d,Data Virtuality GmbH,https://stackoverflow.com/jobs/543155
Senior Backend Developer (m/f/d) - remote.,Data Virtuality GmbH,https://stackoverflow.com/jobs/553595
Customer Operations Engineer with SQL expertise - remote. fulltime.  m/f/d,Data Virtuality GmbH,https://stackoverflow.com/jobs/434292
Senior Full-Stack Software Engineer,"SquareTwo, Inc.",https://stackoverflow.com/jobs/551647
Senior Software Engineer,Rocket Referrals,https://stackoverflow.com/jobs/552544
Front End Software Developer (remote - EU),Optimile,https://stackoverflow.com/jobs/551294
Senior Front-end / JS Developer (Remote),iubenda,https://stackoverflow.com/jobs/551416
Front-end Developer - Time2Play,KaFe Rocks,https://stackoverflow.com/jobs/554460
Full Stack Developer,Banjo Robinson,https://stackoverflow.com/jobs/554524
Senior Software Developer,Komodo,https://stackoverflow.com/jobs/551495
Ruby on Rails Developer (Remote),Bit Zesty,https://stackoverflow.com/jobs/543928
Senior .NET Developer,Mygrant Glass,https://stackoverflow.com/jobs/554422
Senior Software Engineer,BravoTran,https://stackoverflow.com/jobs/554538
Sr. Full Stack Engineer - MobileCoin (Unicorn Startup): Cryptocurrency Platform,MobileCoinviaSource Coders,https://stackoverflow.com/jobs/554866
Senior Data Engineer (BI/Analytics),ActivTrak,https://stackoverflow.com/jobs/547898
Symfony/PHP Engineer,Compucorp,https://stackoverflow.com/jobs/554697
Software Engineer,Skylight,https://stackoverflow.com/jobs/552823
Senior Software Engineer,Leverege,https://stackoverflow.com/jobs/468965
(Senior) Frontend Engineer (all genders) - Remote or Relocation,Goodgame Studios,https://stackoverflow.com/jobs/553440
Software Developer Vue.js (m/f/d),shopware AG,https://stackoverflow.com/jobs/549078
Senior/Staff Frontend Engineer,Evidation Health,https://stackoverflow.com/jobs/553266
Forever Remote Position | 100% Remote Node Engineer | G2i Collective,G2i Inc,https://stackoverflow.com/jobs/405883
Frontend Developer (m/f/d),WPS Management GmbH,https://stackoverflow.com/jobs/293572
Software Engineer (Full Stack),Parenthetic,https://stackoverflow.com/jobs/527828
Senior Full Stack Engineer at Leading Education Company,Tynker,https://stackoverflow.com/jobs/494562
REMOTE (Senior) DevOps Engineer (m/f/d) - for an Edtech unicorn,GoStudent GmbH,https://stackoverflow.com/jobs/536253
Full-Stack JavaScript Developer (Remote),X-Team,https://stackoverflow.com/jobs/534446
Back-End Developer (i.e. Python),Imaginary Cloud,https://stackoverflow.com/jobs/554230
Senior Full Stack Engineer - JavaScript Pro - Remote,Koji,https://stackoverflow.com/jobs/496856
Lead Software Engineer at Healthcare SaaS Company,The Jellyvision Lab Inc.,https://stackoverflow.com/jobs/551639
Senior Full-Stack Developer (f/m/d) Remote,DCI - Digital Career Institute gGmbH,https://stackoverflow.com/jobs/336355
Front-End Software Developer,BDR Solutions,https://stackoverflow.com/jobs/551645
"Experienced Software Engineer, Backend (Healthtech, Remote Options, Equity)",WELL Health Inc.,https://stackoverflow.com/jobs/549971
(Senior) Frontend Engineer at mobility start-up (m/f/x) - Munich or Remote,FINN,https://stackoverflow.com/jobs/519612
Front-End Developer,Imaginary Cloud,https://stackoverflow.com/jobs/554456
Software Architect / Code Reviewer / Mentor - Part-time,Arcanys,https://stackoverflow.com/jobs/485542
JavaScript Software Engineers (Front End and Full Stack),Genesys,https://stackoverflow.com/jobs/535333
Experienced Software Engineer,Outschool,https://stackoverflow.com/jobs/550915
Senior Full-Stack Developer,Kodify Media Group,https://stackoverflow.com/jobs/542034
Senior Front-end Engineer,MercuryWorks,https://stackoverflow.com/jobs/551148
Backend Developer (Django),Self Decode,https://stackoverflow.com/jobs/529107
Senior Software Engineer for Public Health,Field,https://stackoverflow.com/jobs/373021
Senior Full-Stack Developer (f/m/d) Remote,DCI - Digital Career Institute gGmbH,https://stackoverflow.com/jobs/336355
Senior Software Architect (US REMOTE),Thycotic,https://stackoverflow.com/jobs/552174
Lead Software Engineer at Healthcare SaaS Company,The Jellyvision Lab Inc.,https://stackoverflow.com/jobs/551639
(Senior) JavaScript/Typescript Engineer (f/m/d),CoachHub GmbH,https://stackoverflow.com/jobs/551127
(Senior) Frontend Engineer at mobility start-up (m/f/x) - Munich or Remote,FINN,https://stackoverflow.com/jobs/519612
"Multiple Senior Frontend/Fullstack Roles (Remote, US)",RXNT,https://stackoverflow.com/jobs/533194
Software Engineer (Full Stack),Parenthetic,https://stackoverflow.com/jobs/527828
Frontend Developer (m/f/d) for leading eCommerce ecosystem for the energy world,epilot,https://stackoverflow.com/jobs/486010
Senior Full Stack Engineer at Leading Education Company,Tynker,https://stackoverflow.com/jobs/494562
Frontend Developer for Global Public Health,Field,https://stackoverflow.com/jobs/548043
Frontend Engineer (Remote),RemNote,https://stackoverflow.com/jobs/553407
JavaScript Software Engineers (Front End and Full Stack),Genesys,https://stackoverflow.com/jobs/535333
Senior Software Engineer,uShip,https://stackoverflow.com/jobs/537938
Engineering Manager (f/m/x),Cosuno,https://stackoverflow.com/jobs/550527
"Python Back End Developer (FastAPI, Django, Celery)","Daupler, Inc.",https://stackoverflow.com/jobs/523350
Founding Software Engineer - Backend (Rasgo),Unusual Ventures,https://stackoverflow.com/jobs/485991
Senior Software Engineer - Full Stack,HomeStars,https://stackoverflow.com/jobs/59984
Sr Backend Engineer interested in delivering value to coaches and athletes .Net,FieldLevel,https://stackoverflow.com/jobs/509351
Multiple Remote (US) Senior Software Engineering Roles,RXNT,https://stackoverflow.com/jobs/527885
Senior Frontend Entwickler (m/w/d) - 100 % Remote mÃ¶glich!,publicplan,https://stackoverflow.com/jobs/552131
Software Engineer,Flock Safety,https://stackoverflow.com/jobs/547945
Frontend Developer / Headless Expert,Magnolia International Ltd.,https://stackoverflow.com/jobs/525573
Back-End Developer (i.e. GO),Imaginary Cloud,https://stackoverflow.com/jobs/552997
Frontend Developer (m/f/d) for leading eCommerce ecosystem for the energy world,epilot,https://stackoverflow.com/jobs/486010
Software Engineer III,Babel Street,https://stackoverflow.com/jobs/552366
Senior Frontend Engineer - Databento (Fully Remote),Unusual Ventures,https://stackoverflow.com/jobs/524277
Back-End Developer (i.e. Node.js),Imaginary Cloud,https://stackoverflow.com/jobs/552994
Senior Software Engineer,uShip,https://stackoverflow.com/jobs/537938
Junior .NET Developer for Mortgage and Banking - Remote Full-Time W2,TSP Consulting,https://stackoverflow.com/jobs/535043
Desarrollador/a de software C #,Hahn Softwareentwicklung,https://stackoverflow.com/jobs/499656
JavaScript Software Engineers (Front End and Full Stack),Genesys,https://stackoverflow.com/jobs/535333
.Net Software Developer,Geotab,https://stackoverflow.com/jobs/528786
Web Engineer,Numbrs,https://stackoverflow.com/jobs/524105
Engineering Manager (f/m/x),Cosuno,https://stackoverflow.com/jobs/550527
Full Stack Engineer (JS + Ruby),Almanac,https://stackoverflow.com/jobs/371120
"Software Engineer (Java and JavaScript, SQL and PL/SQL) 100% Remote",Western Governors University,https://stackoverflow.com/jobs/545685
Senior Software Engineer - Backend,Juni Technology AB,https://stackoverflow.com/jobs/482424
Full-Stack Engineer,Request,https://stackoverflow.com/jobs/521144
"Multiple Senior Software Engineering Roles (Remote, US)",RXNT,https://stackoverflow.com/jobs/526123
Backend Engineer,Density,https://stackoverflow.com/jobs/528230
Sr. Software Engineer (Full stack) - Growing SaaS Container Shipping Start-up,Portchain,https://stackoverflow.com/jobs/525345
Software-Entwickler fÃ¼r JavaScript / Node.js Applikationen (m/w/d) [100% Remote],elunic AG,https://stackoverflow.com/jobs/554198
Senior Backend Engineer - Elixir,Remote,https://stackoverflow.com/jobs/533358
Senior Python Engineer,Huxley Banking & Financial ServicesviaHuxley (US),https://stackoverflow.com/jobs/524663
"Java Software Engineer (m/w/d) in Bonn, Berlin, KÃ¶ln oder Freiburg",tarent solutions GmbH,https://stackoverflow.com/jobs/494511
Sr Backend Engineer interested in delivering value to coaches and athletes .Net,FieldLevel,https://stackoverflow.com/jobs/509351
Frontend Developer / Headless Expert,Magnolia International Ltd.,https://stackoverflow.com/jobs/525573
Senior Python Engineer,Huxley Banking & Financial ServicesviaHuxley (US),https://stackoverflow.com/jobs/524663
Sr Backend Engineer interested in delivering value to coaches and athletes .Net,FieldLevel,https://stackoverflow.com/jobs/509351
Full Stack Engineer,Facet Wealth,https://stackoverflow.com/jobs/553033
Lead Backend Developer - Elixir,PandaScore,https://stackoverflow.com/jobs/540762
Software Developer (f/m/d),Trusted Shops GmbH,https://stackoverflow.com/jobs/553249
Associate Software Engineer,MarketAxess Holdings Inc.,https://stackoverflow.com/jobs/543926
Backend Engineer (Remote),Pento,https://stackoverflow.com/jobs/524395
"Software Engineer, Frontend Infrastructure, Education",Chan Zuckerberg Initiative,https://stackoverflow.com/jobs/545272
R&D NodeJS Developeur (F/H/X),Klaxoon,https://stackoverflow.com/jobs/554397
Open Source Software Engineer,"ProgressiveviaProgressive, ein GeschÃ¤ftszweig der SThree GmbH",https://stackoverflow.com/jobs/504205
Senior Software Engineer (java),Wawa,https://stackoverflow.com/jobs/462291
.Net Software Developer,Geotab,https://stackoverflow.com/jobs/528786
Software Engineer,Ledger Investing,https://stackoverflow.com/jobs/445674
Senior Backend Software Engineer (US Only),"Pie Insurance Holdings, Inc.",https://stackoverflow.com/jobs/545524
Senior Full Stack Software Engineer - Lagoon,The Washington Post,https://stackoverflow.com/jobs/529280
Senior Javascript Full-stack Engineer,Didomi,https://stackoverflow.com/jobs/520680
Senior Software Engineer - Front End,Keap,https://stackoverflow.com/jobs/492300
Software Support Engineer (Remote),Pento,https://stackoverflow.com/jobs/524398
"Software Engineer (Java and JavaScript, SQL and PL/SQL) 100% Remote",Western Governors University,https://stackoverflow.com/jobs/545685
Software Developer - Full Stack,Intelliware Development Inc.,https://stackoverflow.com/jobs/535340
Senior Software Engineer - Backend,Juni Technology AB,https://stackoverflow.com/jobs/482424
"Senior Software Engineer, Front-End Architecture (Edinburgh or UK remote)",FreeAgent,https://stackoverflow.com/jobs/554680
Software Engineer,Shorthand Pty Ltd,https://stackoverflow.com/jobs/538575
Javascript Engineer,Adaptavist,https://stackoverflow.com/jobs/522044
Senior Full Stack Engineer - SDK,Spotify,https://stackoverflow.com/jobs/552946
Senior Full-Stack Developer REMOTE,Creatopy,https://stackoverflow.com/jobs/469159
"Senior Software Engineer, Ruby/Rails",Red Canary,https://stackoverflow.com/jobs/481203
Senior Software Engineer - Fullstack,GoodNotes,https://stackoverflow.com/jobs/552185
Software Engineer,Shorthand Pty Ltd,https://stackoverflow.com/jobs/538575
Javascript Engineer,Adaptavist,https://stackoverflow.com/jobs/522044
Full Stack Developer,Digia,https://stackoverflow.com/jobs/545923
Senior Backend Engineer - Elixir,Remote,https://stackoverflow.com/jobs/533358
Software-Entwickler fÃ¼r JavaScript / Node.js Applikationen (m/w/d) [100% Remote],elunic AG,https://stackoverflow.com/jobs/554198
"Senior Software Engineer, Curriculum Adoption, Education",Chan Zuckerberg Initiative,https://stackoverflow.com/jobs/537680
Application Architect,"G2.com, Inc.",https://stackoverflow.com/jobs/551629
Senior Backend Engineer - Location Flexible,"Volusion, LLC",https://stackoverflow.com/jobs/443231
"Java Software Engineer (m/w/d) in Bonn, Berlin, KÃ¶ln oder Freiburg",tarent solutions GmbH,https://stackoverflow.com/jobs/494511
"Senior Software Engineer, IAM Authentication",Auth0,https://stackoverflow.com/jobs/533798
"Remote Polyglot Software Engineer â€“ TDD, XP, JavaScript",Pragmateam,https://stackoverflow.com/jobs/523004
Senior Software Engineer,"G2.com, Inc.",https://stackoverflow.com/jobs/529392
UX Developer,Portland Webworks,https://stackoverflow.com/jobs/524306
Full Stack Developer,BDR Solutions,https://stackoverflow.com/jobs/552178
Full Stack Developer,Common Code,https://stackoverflow.com/jobs/545907
Ruby Developer - Back End - Build a gamified cyber security platform,Immersive Labs,https://stackoverflow.com/jobs/527569
"Senior Software Engineer, School & District Tools, Education",Chan Zuckerberg Initiative,https://stackoverflow.com/jobs/553133
Full Stack Developer,Compliance Solutions Strategies,https://stackoverflow.com/jobs/551488
Sr. Full Stack Engineer (JS + Ruby),Almanac,https://stackoverflow.com/jobs/543500
Principal Engineer (Front End) - Kloud.io,Unusual Ventures,https://stackoverflow.com/jobs/523771
Senior Full-Stack Product Engineer,Clio,https://stackoverflow.com/jobs/554711
Back-End Engineer | Go and Node.js,OscatelviaTechfolk Ltd,https://stackoverflow.com/jobs/551996
Senior Full-Stack Product Engineer,Clio,https://stackoverflow.com/jobs/554711
Senior Backend Engineer @ Number One Safety App In the World,Citizen,https://stackoverflow.com/jobs/499674
Software Engineer (Full Stack) - Connectly.ai,Unusual Ventures,https://stackoverflow.com/jobs/532925
Full-Stack Software Developer,Advanced Energy Economy,https://stackoverflow.com/jobs/554906
Software Engineer,Shorthand Pty Ltd,https://stackoverflow.com/jobs/538575
Principal Engineer (Front End) - Kloud.io,Unusual Ventures,https://stackoverflow.com/jobs/523771
Software Engineer,Flock Safety,https://stackoverflow.com/jobs/547945
Senior Software Developer,The Motley Fool Inc,https://stackoverflow.com/jobs/552168
"Multiple Senior Frontend/Fullstack Roles (Remote, US)",RXNT,https://stackoverflow.com/jobs/524870
"Senior Software Engineer, IAM Authentication",Auth0,https://stackoverflow.com/jobs/533798
Lead Frontend Engineer,SyncSmart.io (by LyntonWeb.com),https://stackoverflow.com/jobs/519814
Product Frontend Developer,Flowable,https://stackoverflow.com/jobs/536068
PHP Developer (Remote),X-Team,https://stackoverflow.com/jobs/534453
Senior Software Engineer,Joyride Autos,https://stackoverflow.com/jobs/496038
Technical Lead/Developer (Microsoft Stack) - Remote,BlueModus,https://stackoverflow.com/jobs/548622
Front-end Developer (f/m/d) Remote - WordPress Enterprise Projects,Inpsyde GmbH,https://stackoverflow.com/jobs/229477
"Senior Software Engineer, School & District Tools, Education",Chan Zuckerberg Initiative,https://stackoverflow.com/jobs/553133
Ruby Developer - Back End - Build a gamified cyber security platform,Immersive Labs,https://stackoverflow.com/jobs/527569
Full Stack Web Developer (Various Levels),Huxley Banking & Financial ServicesviaHuxley (US),https://stackoverflow.com/jobs/521439
Java Developer (m/w/d),Peek & Cloppenburg,https://stackoverflow.com/jobs/532902
Senior Python Engineer - Back End - Take Charge Of Our In-House CMS,Immersive Labs,https://stackoverflow.com/jobs/552495
Senior Backend Developer - ruby/rails,emerchantpay,https://stackoverflow.com/jobs/519486
Senior WordPress Developer,Curotec,https://stackoverflow.com/jobs/550906
Full-Stack Software Engineer,Strata Oncology,https://stackoverflow.com/jobs/371127
Java Developer (m/w/d),Peek & Cloppenburg,https://stackoverflow.com/jobs/532902
Technical Lead/Developer (Microsoft Stack) - Remote,BlueModus,https://stackoverflow.com/jobs/548622
Full Stack PHP Developer,SemanticBits,https://stackoverflow.com/jobs/537677
Software Engineer,Shorthand Pty Ltd,https://stackoverflow.com/jobs/538575
Senior Python Engineer - Back End - Take Charge Of Our In-House CMS,Immersive Labs,https://stackoverflow.com/jobs/552495
Senior JavaScript Engineer,Fullscript,https://stackoverflow.com/jobs/552034
Senior Backend Engineer @ Number One Safety App In the World,Citizen,https://stackoverflow.com/jobs/499674
Senior Experimentation Backend Engineer,Automattic,https://stackoverflow.com/jobs/533130
"Senior Software Engineer, IAM Authentication",Auth0,https://stackoverflow.com/jobs/533798
Fullstack Entwickler (m/w/d) in Hamburg,Computer FuturesviaComputer Futures Solutions GmbH,https://stackoverflow.com/jobs/526048
PHP (FullStack) Entwickler (m/w/d) 100% Remote,Computer FuturesviaComputer Futures Solutions GmbH,https://stackoverflow.com/jobs/524216
"Full Stack Software Engineer, Web Developer",People Data Labs,https://stackoverflow.com/jobs/552699
"Senior Software Engineer, School & District Tools, Education",Chan Zuckerberg Initiative,https://stackoverflow.com/jobs/553133
UI/UX Front-End Engineer,Exodus.io,https://stackoverflow.com/jobs/554582
Ruby Developer - Back End - Build a gamified cyber security platform,Immersive Labs,https://stackoverflow.com/jobs/527569
Senior UI Developer interested in collaborative hardware development,Wikifactory,https://stackoverflow.com/jobs/448569
Senior Node.js Developer,Tomorrow's Guides,https://stackoverflow.com/jobs/551298
Lead Frontend Engineer,Leaf Logistics,https://stackoverflow.com/jobs/201704
Senior Full Stack Engineer,Balto Software,https://stackoverflow.com/jobs/478822
Senior Ruby on Rails developer,Marketer Technologies AS,https://stackoverflow.com/jobs/518196
Senior Full Stack Engineer,NOCD,https://stackoverflow.com/jobs/512069
Senior Web Application Engineer,Anchore,https://stackoverflow.com/jobs/496616
Backend Software Engineer,Impala,https://stackoverflow.com/jobs/553591
Senior Software Engineer,Root Insurance Company,https://stackoverflow.com/jobs/282042
Senior Node.js/GraphQL/PostgreSQL engineer,Contra,https://stackoverflow.com/jobs/536863
Senior Software Engineer,Root Insurance Company,https://stackoverflow.com/jobs/282042
Senior DevOps Engineer (Remote),Slido,https://stackoverflow.com/jobs/519933
German-Speaking Web Development Instructor (m/f/x) | MERN | 15 weeks Freelance,WBS Gruppe,https://stackoverflow.com/jobs/529169
Associate Software Engineer,MarketAxess Holdings Inc.,https://stackoverflow.com/jobs/543926
"Middle JavaScript Engineer, Autohero (f/m/x)",AUTO1,https://stackoverflow.com/jobs/552323
Senior Node.js Developer,Tomorrow's Guides,https://stackoverflow.com/jobs/551298
Software Developer - Full Stack,Intelliware Development Inc.,https://stackoverflow.com/jobs/535340
"Senior JavaScript Engineer, Retail (f/m/x)",AUTO1,https://stackoverflow.com/jobs/552327
Principal Cloud Software Engineer - Remote,Stryker Corporation,https://stackoverflow.com/jobs/524913
Senior Ruby on Rails Engineer,Mediavine,https://stackoverflow.com/jobs/529888
"Senior .Net Software Developer, Team Lead",Geotab,https://stackoverflow.com/jobs/529109
iOS Engineer,Musixmatch,https://stackoverflow.com/jobs/489577
FullStack Developer,Envato Mexico,https://stackoverflow.com/jobs/524890
"Senior Software Engineer, Curriculum Adoption, Education",Chan Zuckerberg Initiative,https://stackoverflow.com/jobs/537680
Senior Developer,EVS llc,https://stackoverflow.com/jobs/529103
Senior Node.js/GraphQL/PostgreSQL engineer,Contra,https://stackoverflow.com/jobs/536863
Full Stack Developer,Common Code,https://stackoverflow.com/jobs/545907
Senior Frontend Engineer,Assurance,https://stackoverflow.com/jobs/551623
Senior Full Stack Engineer - SDK,Spotify,https://stackoverflow.com/jobs/552946
Engineering Team Lead at Healthcare SaaS Company,The Jellyvision Lab Inc.,https://stackoverflow.com/jobs/552584
Software Engineering Manager (Hands-On),Overleaf,https://stackoverflow.com/jobs/552591
WordPress Developer (Remote),X-Team,https://stackoverflow.com/jobs/534463
Full Stack Developer,BDR Solutions,https://stackoverflow.com/jobs/552178
Fullstack Developer (m/w/d) remote,best it AG,https://stackoverflow.com/jobs/512059
Staff Backend Engineer (US Only),"Pie Insurance Holdings, Inc.",https://stackoverflow.com/jobs/545527
Fullstack Engineer 80-100% (f/m/d),Homegate,https://stackoverflow.com/jobs/543686
Software Engineer - Ruby,Tucows,https://stackoverflow.com/jobs/554685
Principal Cloud Software Engineer - Remote,Stryker Corporation,https://stackoverflow.com/jobs/524913
Senior Full Stack Engineer interested in collaborative hardware development,Wikifactory,https://stackoverflow.com/jobs/386765
"Senior Software Engineer, Full Stack (Cloud)",Cribl,https://stackoverflow.com/jobs/552180
Software Engineer - Full Stack (Mid-Senior),Olo,https://stackoverflow.com/jobs/448572
"Senior Software Engineer, Content Management System Product Group (CMS)",HubSpot,https://stackoverflow.com/jobs/526394
Senior QA Engineer,Contra,https://stackoverflow.com/jobs/545390
Senior Developer,EVS llc,https://stackoverflow.com/jobs/529103
"Engineering Manager, eCommerce (US Based Only)",Oura Health Oy,https://stackoverflow.com/jobs/540584
Engineering Team Lead at Healthcare SaaS Company,The Jellyvision Lab Inc.,https://stackoverflow.com/jobs/552584
Software Engineering Manager (Hands-On),Overleaf,https://stackoverflow.com/jobs/552591
Senior PHP Engineer,Mediavine,https://stackoverflow.com/jobs/529890
"Senior JavaScript Engineer, Autohero (f/m/x)",AUTO1,https://stackoverflow.com/jobs/552326
Node.js Engineer,Supermetrics Oy,https://stackoverflow.com/jobs/537595
Senior iOS Developer,Fretello GmbH,https://stackoverflow.com/jobs/554366
German-Speaking Web Development Instructor (m/f/x) | MERN | 15 weeks Freelance,WBS Gruppe,https://stackoverflow.com/jobs/529169
Lead Front - End Engineer (Remote),Glofox,https://stackoverflow.com/jobs/522892
Lead Front End Engineer,Stardog Union,https://stackoverflow.com/jobs/460167
"Technical Director, Product Engineering",Fullscript,https://stackoverflow.com/jobs/552035
"Senior JavaScript Engineer, Retail (f/m/x)",AUTO1,https://stackoverflow.com/jobs/552327
Experienced Software Engineer - Search & Recommendations,Outschool,https://stackoverflow.com/jobs/543328
Cloud Engineer (m/f/d),epilot,https://stackoverflow.com/jobs/519514
"Senior .Net Software Developer, Team Lead",Geotab,https://stackoverflow.com/jobs/529109
Mobile DevOps Engineer,Automattic,https://stackoverflow.com/jobs/484852
Lead Front End Engineer,Stardog Union,https://stackoverflow.com/jobs/460167
Engineering Team Lead at Healthcare SaaS Company,The Jellyvision Lab Inc.,https://stackoverflow.com/jobs/552584
Staff Engineer - Backstage,Spotify,https://stackoverflow.com/jobs/546664
Senior PHP Engineer,Mediavine,https://stackoverflow.com/jobs/529890
Head of Projects (fully remote possible),HappyOrNot,https://stackoverflow.com/jobs/552149
Node.js Engineer,Supermetrics Oy,https://stackoverflow.com/jobs/537595
[REMOTE] Product Manager in remote-first browser games company,Crazy Games,https://stackoverflow.com/jobs/543542
"Full Stack Developer, CMS","U.S. News & World Report, Inc.",https://stackoverflow.com/jobs/468941
"Senior Open Source Developer & DevOps (Python, Django, AWS, OpenStack)",OpenCraft,https://stackoverflow.com/jobs/453430
Senior Ruby Engineer- Fully Remote US Only,Bold Penguin,https://stackoverflow.com/jobs/554714
Back End Engineer (Ruby on Rails),Modus Create,https://stackoverflow.com/jobs/551638
Full Stack Developer,iFit,https://stackoverflow.com/jobs/551202
Senior Fullstack Developer,Worldline,https://stackoverflow.com/jobs/536768
Backend Developer - Business Systems / Content Services,Soundtrack Your Brand,https://stackoverflow.com/jobs/512053
Senior Experimentation Backend Engineer,Automattic,https://stackoverflow.com/jobs/533130
Full Stack Software Engineer,Samotics,https://stackoverflow.com/jobs/516831
Fullstack Web Developer,Mirego,https://stackoverflow.com/jobs/513028
Senior Front-End Developer,Catawiki,https://stackoverflow.com/jobs/541071
Senior Web Application Engineer,Anchore,https://stackoverflow.com/jobs/496616
Senior Software Engineer,Administrate,https://stackoverflow.com/jobs/522940
DevOps / Site Reliability Engineer (SRE),Elucidat,https://stackoverflow.com/jobs/551601
"Back End Engineer (Node, AWS)",Modus Create,https://stackoverflow.com/jobs/546740
Principal Front-end Engineer,MessageBird,https://stackoverflow.com/jobs/477959
(100% Remote) Senior Back-end Engineer,Toptal,https://stackoverflow.com/jobs/528220
Engineering Manager,Impala,https://stackoverflow.com/jobs/553590
Front End Engineer at Fast-Growing Cybersecurity Company,"ThreatConnect, Inc.",https://stackoverflow.com/jobs/553138
Backend Developer - Business Systems / Content Services,Soundtrack Your Brand,https://stackoverflow.com/jobs/512053
Senior Backend Developer,Gaming Innovation Group,https://stackoverflow.com/jobs/554699
Principal Front-end Engineer,MessageBird,https://stackoverflow.com/jobs/477959
Full Stack Developer Audi Commerce Platform (m/f/d),Audi Business Innovation GmbH,https://stackoverflow.com/jobs/527840
(100% Remote) Senior Back-end Engineer,Toptal,https://stackoverflow.com/jobs/528220
Senior Software Engineer,Administrate,https://stackoverflow.com/jobs/522939
Senior Software Engineer,Administrate,https://stackoverflow.com/jobs/522940
"Back End Engineer (Node, AWS)",Modus Create,https://stackoverflow.com/jobs/546740
Engineering Manager,Impala,https://stackoverflow.com/jobs/553590
Staff Frontend Software Engineer (US Only),"Pie Insurance Holdings, Inc.",https://stackoverflow.com/jobs/545528
Senior Software Engineer,Administrate,https://stackoverflow.com/jobs/522941
Senior Javascript Developer / Tech Lead,Insites Digital,https://stackoverflow.com/jobs/531166
SVP of Technology,The Jellyvision Lab Inc.,https://stackoverflow.com/jobs/551481
Senior Software Developer (Remote - Texas),SSENSE,https://stackoverflow.com/jobs/528661
Lead Software Engineer (Java),Wawa,https://stackoverflow.com/jobs/533732
Hiring Senior & Mid Software Engineers,Lightmatter,https://stackoverflow.com/jobs/523002
Sr. Software Engineer I - Account Takeover,Flashpoint,https://stackoverflow.com/jobs/541124
"Head of Engineering (Remote , +3/-3 CET hours)",Pento,https://stackoverflow.com/jobs/552592
"Backend Software Engineer, PHP (Remote)",Automattic,https://stackoverflow.com/jobs/315815
"Software Engineer, Ruby/Rails",Red Canary,https://stackoverflow.com/jobs/481206
Senior Front End Engineer (Remote),Slido,https://stackoverflow.com/jobs/519966
Remote - Director of Engineering for B2B SaaS,Markup,https://stackoverflow.com/jobs/544680
(100% Remote) Technical Screener,Toptal,https://stackoverflow.com/jobs/493266
Senior Angular Engineer - Fully Remote US Only,Bold Penguin,https://stackoverflow.com/jobs/554713
"Mobile Flutter Engineer, Digital Consumer Products, US-based fully remote",Superformula,https://stackoverflow.com/jobs/552169
Fullstack Developer,We Got POP Ltd,https://stackoverflow.com/jobs/525267
Android Engineer,Outschool,https://stackoverflow.com/jobs/550916
Software Engineer- Functional Programming,Datasembly,https://stackoverflow.com/jobs/519800
Engineering Manager,Red Canary,https://stackoverflow.com/jobs/481207
Senior Frontend Web Developer - Fintech,Hopper,https://stackoverflow.com/jobs/500612
Senior Full Stack Developer Ruby / React,GOhiring,https://weworkremotely.com/remote-jobs/gohiring-senior-full-stack-developer-ruby-react
Senior Full-Stack (React Typescript) Engineer,Synergy Sports,https://weworkremotely.com/remote-jobs/synergy-sports-senior-full-stack-react-typescript-engineer
"Senior Open Source Developer & DevOps (Python, Django, React, AWS/OpenStack)",OpenCraft,https://weworkremotely.com/remote-jobs/opencraft-senior-open-source-developer-devops-python-django-react-aws-openstack
Full Stack Node.js Express React Developer - with share options,Combined,https://weworkremotely.com/remote-jobs/combined-full-stack-node-js-express-react-developer-with-share-options
Senior Full Stack (Rails/React) Engineer,Brightline Health,https://weworkremotely.com/remote-jobs/brightline-health-senior-full-stack-rails-react-engineer
Sr. Java and React Engineer,Producement,https://weworkremotely.com/remote-jobs/producement-sr-java-and-react-engineer
Full-Stack Engineer (NodeJs / React / MongoDb),Cogsy,https://weworkremotely.com/remote-jobs/cogsy-full-stack-engineer-nodejs-react-mongodb
Principal Software Engineer (NodeJs / React / MongoDb),Cogsy,https://weworkremotely.com/remote-jobs/cogsy-principal-software-engineer-nodejs-react-mongodb
Sr. Ruby on Rails Engineer â€” React.js / Javascript,Aha!,https://weworkremotely.com/remote-jobs/aha-sr-ruby-on-rails-engineer-react-js-javascript
Senior Software Engineer (Ruby / React),Pennylane,https://weworkremotely.com/remote-jobs/pennylane-senior-software-engineer-ruby-react
Frontend Engineer (ES8/React/Redux/Saga),Files.com,https://weworkremotely.com/remote-jobs/files-com-frontend-engineer-es8-react-redux-saga
Software Engineer (React),SessionLab,https://weworkremotely.com/remote-jobs/sessionlab-software-engineer-react
Full-stack Engineer (React & Rails),Strategyzer,https://weworkremotely.com/remote-jobs/strategyzer-full-stack-engineer-react-rails-1
Senior Software Engineer - Remote in Europe - Edtech React.JS,Talis Education Ltd,https://weworkremotely.com/remote-jobs/talis-education-ltd-senior-software-engineer-remote-in-europe-edtech-react-js
React Blockchain Developer,Shopping.io,https://weworkremotely.com/remote-jobs/shopping-io-react-blockchain-developer
React Native Developer,X-Team,https://weworkremotely.com/remote-jobs/x-team-react-native-developer-4
"Senior React Developer - Remote, Full-Time",Bluelight Consulting,https://weworkremotely.com/remote-jobs/bluelight-consulting-senior-react-developer-remote-full-time
Remote Contract React Developer,G2i Inc.,https://weworkremotely.com/remote-jobs/g2i-inc-remote-contract-react-developer
Senior Frontend Engineer (React/ThreeJS),Spline,https://weworkremotely.com/remote-jobs/spline-senior-frontend-engineer-react-threejs
Senior React Engineer,Clevertech,https://weworkremotely.com/remote-jobs/clevertech-senior-react-engineer
Front-End Engineer - React + Typescript,Grayce,https://weworkremotely.com/remote-jobs/grayce-front-end-engineer-react-typescript
Remote Contract React Native Engineer,G2i Inc.,https://weworkremotely.com/remote-jobs/g2i-inc-remote-contract-react-native-engineer-7
Senior React Native Engineer,Trustworthy,https://weworkremotely.com/remote-jobs/trustworthy-senior-react-native-engineer
"Senior React, React Native, or Node Engineer",G2i Inc.,https://weworkremotely.com/remote-jobs/g2i-inc-senior-react-react-native-or-node-engineer
Senior Client Engineer (React & React Native),CompanyCam,https://weworkremotely.com/remote-jobs/companycam-senior-client-engineer-react-react-native
Sr. Front End Engineer (Javascript and React),Aha!,https://weworkremotely.com/remote-jobs/aha-sr-front-end-engineer-javascript-and-react
React Native Developer - Remote,Toptal,https://weworkremotely.com/remote-jobs/toptal-react-native-developer-remote
"React Developer â€“ Full-time, Remote",Toptal,https://weworkremotely.com/remote-jobs/toptal-react-developer-full-time-remote
Senior Frontend Engineer: React ($130k-$160k +equity),Contra,https://weworkremotely.com/remote-jobs/contra-senior-frontend-engineer-react-130k-160k-equity
"Senior React Developer Consultant (Remote, Full Time)",Bitovi,https://weworkremotely.com/remote-jobs/bitovi-senior-react-developer-consultant-remote-full-time
React Developer,RebelCode Ltd,https://weworkremotely.com/remote-jobs/rebelcode-ltd-react-developer-1
Senior Frontend Developer (TypeScript / React),Corpay One,https://weworkremotely.com/remote-jobs/corpay-one-senior-frontend-developer-typescript-react-1
React Developer,X-Team,https://weworkremotely.com/remote-jobs/x-team-react-developer-1
Frontend Developer (JavaScript + React),Toggl,https://weworkremotely.com/remote-jobs/toggl-frontend-developer-javascript-react
Javascript Engineer â€” React,ColorElephant,https://weworkremotely.com/remote-jobs/colorelephant-javascript-engineer-react-1
